post_id,date,content_type,topic,posting_time,day_of_week,caption_length,hashtag_count,followers,impressions,reach,views,likes,comments,shares,saves
POST_0001,2024-05-20,Carousel,Promotional,20:41,Thursday,315,,159427,16402,9861,5407,449,49,95,128
POST_0002,2024-01-25,Image,Entertainment,07:05,Tuesday,275,,421523,179752,121843,78260,2773,279,538,743
POST_0003,2024-12-29,Carousel,Tutorial,12:44,Tuesday,373,9,18605,8513,7119,2138,384,66,90,84
POST_0004,2024-07-17,Story,Seasonal,13:06,Wednesday,385,6,223748,121527,76119,52287,1170,160,251,120
POST_0005,2023-01-13,Reel,Educational,19:03,Friday,287,0,400679,62888,58907,43055,4247,470,875,691
POST_0006,2023-10-04,Video,Seasonal,08:06,Tuesday,160,26,476534,52991,32720,20949,622,84,57,150
POST_0007,2023-07-31,Carousel,Promotional,13:27,Sunday,247,25,126457,70570,47942,28666,1452,264,310,228
POST_0008,2024-03-04,Carousel,Tutorial,08:36,Thursday,181,24,325746,134030,123122,96769,3913,474,811,867
POST_0009,2023-07-13,Reel,Entertainment,19:24,Sunday,259,1,95652,24043,22606,16023,1160,256,248,146
POST_0010,2024-12-06,Image,Tutorial,16:07,Friday,328,10,58833,25878,16167,7547,600,78,63,235
POST_0011,2023-08-07,Image,Behind the Scenes,14:11,Wednesday,,29,177158,46338,37541,32865,838,97,86,380
POST_0012,2024-01-17,Video,Promotional,12:50,Tuesday,212,17,442661,149181,87167,63140,1780,405,396,207
POST_0013,2023-03-31,Story,Educational,08:56,Saturday,37,3,345048,50989,31677,28280,1058,250,128,476
POST_0014,2024-10-26,Carousel,Behind the Scenes,21:44,Wednesday,299,,245143,32040,20558,18147,494,75,78,251
POST_0015,2024-10-27,Image,Tutorial,17:06,Tuesday,206,7,142126,22847,18683,15905,1001,198,141,138
POST_0016,2024-08-02,Reel,Promotional,11:48,Sunday,194,29,71677,38508,24572,18508,692,126,77,349
POST_0017,2023-09-14,Story,User Generated,13:40,Thursday,222,5,136111,24183,13752,9154,333,44,27,126
POST_0018,2023-02-12,Reel,User Generated,18:31,Monday,101,27,77192,10715,9984,4026,447,93,104,53
POST_0019,2024-06-03,Carousel,Product,18:08,Thursday,247,20,94355,28793,22835,14294,571,123,135,157
POST_0020,2023-11-10,Story,Product,13:58,Thursday,303,27,344079,51204,43111,32730,1394,162,287,194
POST_0021,2024-12-23,Carousel,Product,11:26,Sunday,152,24,67216,9465,7200,4410,172,32,23,71
POST_0022,2024-05-24,Image,Product,17:02,Friday,69,9,24638,9705,6089,4998,170,21,18,41
POST_0023,2024-01-29,Video,Promotional,17:12,Tuesday,166,24,271627,67004,48575,17768,1481,111,206,431
POST_0024,2024-12-21,Carousel,Promotional,16:23,Tuesday,95,5,144010,56458,38761,20487,1193,297,194,353
POST_0025,2024-08-07,Carousel,Promotional,07:03,Friday,162,8,227907,105310,84159,50796,2521,462,222,1199
POST_0026,2023-12-01,Reel,Product,14:19,Monday,258,6,70754,8098,7276,4070,305,56,65,85
POST_0027,2023-01-14,Image,Product,16:27,Wednesday,63,3,105778,47456,39106,14279,857,154,210,185
POST_0028,2023-03-09,Reel,Behind the Scenes,22:55,Monday,303,2,221097,136526,80893,31719,3382,605,592,1184
POST_0029,2023-11-20,Reel,Tutorial,14:05,Monday,105,5,345321,174084,117471,94278,4394,496,557,832
POST_0030,2024-02-15,Story,Behind the Scenes,11:34,Sunday,359,3,207762,73315,56293,33248,2232,561,340,686
POST_0031,2023-01-23,Story,User Generated,15:54,Monday,298,11,271316,118241,72455,23854,1372,228,121,313
POST_0032,2023-04-03,Video,Educational,09:47,Monday,123,2,261416,75244,71555,22174,1390,283,185,565
POST_0033,2024-05-29,Image,Entertainment,07:54,Sunday,234,1,135161,47429,39422,23025,1635,224,235,253
POST_0034,2024-07-02,Image,Behind the Scenes,17:10,Tuesday,62,29,140538,9279,7837,3124,314,42,50,132
POST_0035,2023-01-22,Image,Product,22:47,Saturday,57,2,213436,147074,82243,59467,1377,126,234,509
POST_0036,2024-01-06,Reel,Entertainment,20:57,Monday,383,2,16989,6777,4331,3366,200,26,42,49
POST_0037,2023-03-01,Reel,Seasonal,15:19,Tuesday,324,0,343012,165811,110968,48490,2781,331,355,1429
POST_0038,2024-06-12,Image,Product,06:29,Monday,78,3,307578,56217,55994,36693,1622,280,127,384
POST_0039,2024-08-31,Reel,User Generated,22:31,Friday,127,15,153760,9586,8355,3280,314,73,28,117
POST_0040,2024-09-26,Story,Promotional,13:29,Friday,95,24,187485,64594,42822,20646,1223,155,122,434
POST_0041,2024-03-12,Image,Entertainment,10:17,Thursday,170,22,165021,48950,37545,31285,1136,149,192,320
POST_0042,2024-04-04,Carousel,Promotional,21:57,Tuesday,130,17,326016,115085,66163,41448,2824,516,576,494
POST_0043,2024-11-07,Story,User Generated,18:56,Monday,144,2,380100,103474,64199,53383,687,79,170,295
POST_0044,2024-03-23,Image,Behind the Scenes,18:22,Thursday,221,23,55224,10305,7589,3302,521,129,102,155
POST_0045,2023-11-22,Carousel,Entertainment,10:47,Tuesday,91,,207246,77785,48628,24217,1498,225,235,652
POST_0046,2024-07-04,Carousel,Educational,22:23,Friday,355,18,7874,2540,1427,831,25,2,2,13
POST_0047,2024-03-07,Image,Educational,13:46,Friday,296,12,226672,120840,88283,51914,2164,255,341,1025
POST_0048,2024-09-06,Reel,Tutorial,15:34,Saturday,309,26,124898,20899,13804,12404,577,120,69,73
POST_0049,2024-01-19,Story,Entertainment,18:27,Thursday,84,9,168565,47341,27287,10059,970,115,212,251
POST_0050,2024-09-26,Reel,Product,17:07,Monday,289,19,228817,41941,34982,28376,1802,325,276,398
POST_0051,2023-02-02,Reel,Tutorial,08:38,Tuesday,337,13,162538,66718,39034,31937,2314,251,278,991
POST_0052,2023-01-27,Reel,Behind the Scenes,11:18,Saturday,86,15,197641,47885,44419,28069,2853,334,380,1257
POST_0053,2023-03-14,Carousel,Tutorial,12:12,Thursday,305,28,382620,159982,105338,53345,6144,1354,625,1700
POST_0054,2024-02-11,Story,Seasonal,22:11,Friday,155,21,405340,252140,155042,94813,2617,285,624,879
POST_0055,2024-06-01,Story,Product,18:57,Thursday,319,12,3925,877,588,279,21,1,1,13
POST_0056,2023-06-07,Carousel,Seasonal,12:06,Tuesday,201,13,189540,77409,55434,43208,2398,388,199,896
POST_0057,2023-04-24,Image,User Generated,18:47,Sunday,324,21,423596,37185,24892,14909,742,161,81,203
POST_0058,2024-09-20,Story,Promotional,18:51,Saturday,76,10,265690,42256,37684,32238,1706,202,320,218
POST_0059,2024-07-01,Reel,User Generated,12:01,Sunday,167,5,103434,25745,21959,14791,1036,111,181,449
POST_0060,2024-04-18,Reel,Behind the Scenes,12:34,Saturday,123,14,297164,21985,18081,11003,1898,451,342,355
POST_0061,2023-12-23,Story,Promotional,21:34,Wednesday,114,2,73319,28849,19516,14181,564,116,84,223
POST_0062,2023-11-03,Image,Entertainment,15:21,Tuesday,137,5,11893,4626,3418,2058,106,23,10,38
POST_0063,2023-01-15,Story,Educational,08:39,Tuesday,165,12,316580,117847,98569,83064,1212,230,250,152
POST_0064,2023-05-18,Carousel,Entertainment,18:24,Sunday,68,23,258051,101620,59558,24458,3664,762,440,1494
POST_0065,2024-10-16,Story,Promotional,16:25,Thursday,288,23,378494,128524,98931,87455,1138,158,95,396
POST_0066,2023-09-05,Story,User Generated,14:25,Thursday,229,7,173070,44292,32644,25701,919,123,161,299
POST_0067,2024-05-29,Story,Seasonal,18:47,Sunday,335,12,427287,36557,27533,22479,682,148,71,322
POST_0068,2024-05-28,Image,Entertainment,21:37,Friday,287,4,211218,20561,17949,10585,1061,187,91,200
POST_0069,2023-08-14,Reel,Behind the Scenes,11:22,Sunday,76,22,369271,163473,103118,82733,7935,1880,1686,1465
POST_0070,2023-05-30,Image,Product,13:54,Sunday,,7,51043,27633,20337,9844,524,83,77,102
POST_0071,2024-05-19,Reel,Entertainment,09:47,Monday,180,23,49478,2782,2747,2079,89,11,10,36
POST_0072,2023-03-10,Image,Educational,17:55,Wednesday,202,25,391627,170052,96009,36893,5115,733,628,932
POST_0073,2023-12-28,Carousel,Promotional,12:43,Saturday,111,20,417159,215680,130509,63196,4851,910,1004,1409
POST_0074,2024-10-10,Reel,Tutorial,11:23,Saturday,317,9,471259,252506,159931,90751,5291,801,489,2067
POST_0075,2024-06-03,Reel,User Generated,17:45,Tuesday,241,28,162986,66539,39250,19365,1221,237,113,269
POST_0076,2024-07-11,Reel,Educational,12:19,Wednesday,304,20,12112,5578,3233,1720,146,26,27,44
POST_0077,2023-03-02,Reel,Entertainment,13:15,Thursday,61,19,489972,182853,143980,114041,11077,933,2028,4283
POST_0078,2023-05-26,Story,Educational,13:26,Saturday,329,25,301085,157170,105571,47929,4680,716,985,313
POST_0079,2023-07-20,Story,User Generated,10:57,Monday,98,26,124313,17154,11536,8619,103,18,14,29
POST_0080,2023-08-02,Carousel,Promotional,08:33,Friday,190,2,382158,173565,142989,49220,3428,742,296,781
POST_0081,2023-05-22,Story,Seasonal,20:22,Wednesday,186,26,452044,31462,26718,20290,709,100,113,175
POST_0082,2024-12-10,Image,Seasonal,07:27,Tuesday,331,22,143118,53510,49042,38018,784,125,132,123
POST_0083,2023-05-01,Carousel,Seasonal,11:17,Thursday,125,,385064,45204,29595,16011,1285,184,121,303
POST_0084,2024-05-31,Reel,Tutorial,17:38,Wednesday,,9,393990,75611,46538,34135,2723,442,451,677
POST_0085,2024-03-04,Reel,Educational,08:20,Friday,149,22,251340,20767,12909,10960,544,52,63,258
POST_0086,2024-03-21,Reel,Promotional,17:32,Wednesday,157,6,316545,81643,65157,50850,3514,887,854,1096
POST_0087,2023-06-06,Story,Promotional,18:21,Saturday,89,13,135490,26346,22630,12090,684,150,142,90
POST_0088,2023-08-13,Image,Seasonal,17:18,Monday,87,20,464652,68453,50227,29660,1807,281,249,346
POST_0089,2024-03-18,Reel,Entertainment,11:57,Sunday,107,19,491568,146888,102187,78440,2896,495,687,612
POST_0090,2023-08-07,Image,Educational,06:20,Monday,197,27,490521,162431,93606,44514,1166,113,300,451
POST_0091,2024-05-21,Reel,Tutorial,21:04,Saturday,150,3,368825,199796,117537,91952,6113,1131,648,2414
POST_0092,2023-01-29,Story,User Generated,11:22,Wednesday,168,8,22130,13904,8024,3986,182,27,25,57
POST_0093,2023-02-23,Image,Promotional,19:31,Wednesday,,29,183861,86003,51186,40109,2187,391,356,304
POST_0094,2024-06-15,Image,User Generated,09:05,Monday,111,17,223023,36960,20862,7345,257,24,26,141
POST_0095,2024-03-26,Image,Behind the Scenes,08:18,Friday,365,7,479961,101034,73619,24046,2195,414,301,510
POST_0096,2023-02-01,Story,Product,19:09,Tuesday,305,8,273946,105112,101267,90999,1995,236,229,550
POST_0097,2024-10-18,Image,Promotional,21:29,Friday,86,10,268548,23222,21767,17885,694,115,146,51
POST_0098,2023-01-04,Reel,Promotional,20:42,Saturday,139,16,74224,18738,14280,11848,698,138,112,282
POST_0099,2024-11-28,Reel,Product,18:57,Saturday,89,8,397066,181930,150836,131343,12673,1337,2322,2063
POST_0100,2024-06-16,Video,User Generated,10:22,Friday,123,18,168806,73390,64607,36373,2824,414,391,782
POST_0101,2024-12-22,Video,User Generated,21:50,Wednesday,158,13,46844,16011,9084,4288,378,75,35,81
POST_0102,2024-11-23,Story,User Generated,17:12,Saturday,69,18,493836,161940,140046,52939,4546,900,1110,1590
POST_0103,2023-08-17,Reel,Seasonal,08:46,Saturday,25,4,95845,35551,20114,12082,899,81,71,386
POST_0104,2024-07-06,Video,Educational,08:33,Wednesday,186,18,9098,4591,2854,1233,81,11,7,28
POST_0105,2023-06-03,Carousel,Behind the Scenes,20:44,Monday,286,,39840,3679,2432,2094,149,20,21,61
POST_0106,2023-12-11,Story,Educational,10:44,Sunday,,4,226801,35104,22783,6889,402,74,77,102
POST_0107,2023-06-25,Image,Educational,19:31,Tuesday,346,9,52349,17548,13870,5352,606,106,80,166
POST_0108,2023-12-21,Reel,Seasonal,08:15,Friday,,20,421484,84019,55380,24803,2553,205,228,1049
POST_0109,2024-09-28,Reel,Seasonal,10:31,Tuesday,362,18,256711,83533,72679,30479,2776,552,408,1255
POST_0110,2023-11-15,Video,Product,10:48,Monday,109,20,162626,49218,28122,12246,840,168,101,255
POST_0111,2023-03-09,Image,Entertainment,10:57,Saturday,224,16,2571,1149,926,642,27,5,2,13
POST_0112,2023-08-25,Reel,Educational,17:54,Tuesday,309,20,240419,97485,80958,40196,6636,539,998,1480
POST_0113,2024-07-28,Image,Educational,21:10,Friday,42,18,76500,26703,17020,11386,979,112,86,229
POST_0114,2024-01-16,Story,Behind the Scenes,21:35,Friday,373,2,489044,239061,156745,130749,6258,969,828,2464
POST_0115,2024-02-13,Reel,Educational,18:06,Monday,158,22,146253,28841,21191,14018,1287,151,255,542
POST_0116,2023-11-11,Carousel,User Generated,09:39,Tuesday,209,13,237963,79910,53063,38031,1039,164,218,362
POST_0117,2023-08-02,Carousel,Seasonal,22:58,Saturday,258,1,10292,1381,1225,636,48,4,5,21
POST_0118,2024-03-12,Story,Tutorial,15:03,Thursday,264,12,66329,35853,23302,9223,859,77,104,222
POST_0119,2024-04-07,Image,Entertainment,15:38,Monday,28,13,104535,42990,35340,17399,728,136,87,215
POST_0120,2024-10-17,Story,User Generated,17:55,Sunday,349,2,26809,11945,9805,8614,321,43,83,129
POST_0121,2024-03-26,Story,Product,19:49,Tuesday,256,29,363270,146560,129729,87318,4645,1012,576,2122
POST_0122,2024-12-27,Story,Product,22:23,Monday,399,6,472762,230924,182419,85099,3300,309,386,1656
POST_0123,2024-08-26,Reel,Behind the Scenes,15:06,Sunday,199,9,492692,80971,64009,36520,5082,798,710,924
POST_0124,2023-02-27,Image,Educational,16:54,Monday,,13,133638,68529,50266,40278,769,106,82,239
POST_0125,2023-10-14,Reel,Promotional,18:54,Thursday,187,24,394584,113638,98616,69136,6680,1365,691,1793
POST_0126,2023-10-08,Image,Promotional,10:34,Sunday,358,22,252527,57683,49968,31799,683,146,68,246
POST_0127,2023-01-03,Image,Promotional,11:57,Friday,336,23,23882,8425,5878,4885,120,15,19,21
POST_0128,2023-05-12,Reel,Entertainment,16:00,Friday,365,7,46260,8670,7860,5529,338,63,62,101
POST_0129,2024-07-10,Reel,Tutorial,07:36,Wednesday,211,25,274345,64253,41424,28401,2793,300,475,569
POST_0130,2023-09-15,Story,Entertainment,11:02,Monday,320,24,212403,50125,28559,11819,759,119,141,91
POST_0131,2023-04-18,Reel,User Generated,18:55,Friday,,13,5182,547,408,148,28,2,3,13
POST_0132,2023-07-29,Video,Entertainment,22:40,Sunday,195,16,465122,179132,104093,91506,5599,764,1160,662
POST_0133,2023-07-20,Story,Promotional,14:53,Monday,308,1,365438,142186,131819,86910,1141,131,238,420
POST_0134,2023-05-08,Image,Promotional,12:33,Sunday,50,22,251704,70439,68099,37414,2201,469,442,281
POST_0135,2023-03-15,Story,Tutorial,13:04,Wednesday,289,28,493509,180832,114662,74921,3574,599,774,1399
POST_0136,2024-07-11,Reel,Product,17:01,Thursday,26,14,485596,156251,97122,32738,3025,531,418,897
POST_0137,2024-08-24,Video,Entertainment,15:19,Tuesday,240,16,487001,173316,103507,82109,4016,593,539,1746
POST_0138,2023-12-29,Image,Behind the Scenes,06:43,Friday,201,14,130158,16770,16041,6897,569,80,93,276
POST_0139,2024-03-25,Carousel,Entertainment,15:08,Tuesday,198,2,440564,241480,148922,116565,5255,671,569,3051
POST_0140,2024-11-02,Reel,Tutorial,12:50,Tuesday,207,18,252768,39282,30189,18736,2042,481,324,564
POST_0141,2024-09-07,Image,Seasonal,17:14,Saturday,206,21,363292,135803,109284,50920,3880,789,330,1079
POST_0142,2023-01-24,Image,Behind the Scenes,20:29,Monday,174,27,429905,154650,135847,43216,5788,592,471,2511
POST_0143,2024-11-26,Video,Seasonal,22:11,Thursday,191,27,82499,37237,20724,16361,280,58,67,66
POST_0144,2023-02-18,Story,Promotional,16:27,Friday,235,14,224677,83119,79091,32101,1358,178,231,177
POST_0145,2023-01-20,Image,Behind the Scenes,12:26,Monday,310,28,65320,16481,9919,3284,406,30,62,90
POST_0146,2023-10-22,Reel,User Generated,13:00,Wednesday,229,15,140464,76131,50365,37951,1766,319,261,760
POST_0147,2024-06-28,Image,Tutorial,08:33,Wednesday,264,19,207344,100524,63300,32284,641,66,112,229
POST_0148,2023-02-28,Image,Promotional,21:46,Friday,337,18,427882,221302,141013,75244,4530,496,973,1000
POST_0149,2023-08-02,Image,Entertainment,20:55,Sunday,396,29,431470,205671,121934,54655,6331,1147,1105,1010
POST_0150,2023-07-11,Reel,Promotional,20:19,Saturday,61,22,195554,77658,67704,55213,3046,381,555,1054
POST_0151,2023-10-18,Carousel,Behind the Scenes,11:51,Tuesday,290,3,165268,65751,65708,31434,1276,268,185,200
POST_0152,2024-12-20,Carousel,Tutorial,11:51,Monday,105,2,265830,77465,52383,22321,1660,337,246,677
POST_0153,2023-08-30,Reel,User Generated,20:58,Monday,94,,456023,195937,152708,74147,6696,1487,1338,1644
POST_0154,2023-06-02,Story,Seasonal,15:22,Friday,321,15,488287,166682,151663,63985,2497,423,562,316
POST_0155,2023-03-31,Reel,Behind the Scenes,17:50,Tuesday,46,20,114155,27345,23801,11676,1884,400,270,373
POST_0156,2023-05-25,Story,Tutorial,14:33,Tuesday,342,14,94055,44563,35217,12317,345,44,45,77
POST_0157,2023-04-08,Reel,Product,13:03,Saturday,312,15,353680,70245,66509,26278,4347,818,724,1915
POST_0158,2024-02-23,Story,Promotional,16:15,Sunday,398,27,151398,39241,37533,20651,360,63,57,146
POST_0159,2023-11-03,Story,User Generated,19:39,Saturday,273,,100681,15191,8767,7256,319,80,85,90
POST_0160,2023-12-30,Carousel,Behind the Scenes,11:09,Tuesday,351,14,16503,2660,2129,711,59,6,12,26
POST_0161,2024-08-30,Reel,Tutorial,19:25,Friday,65,16,202202,124301,69606,29763,4445,870,693,2065
POST_0162,2024-02-28,Video,User Generated,10:45,Friday,358,14,196527,65727,37103,31352,1022,204,142,266
POST_0163,2023-04-24,Reel,Promotional,12:08,Tuesday,80,29,281966,59032,52989,44193,2525,349,373,767
POST_0164,2023-10-03,Reel,Tutorial,21:29,Thursday,139,28,100891,21582,13730,9716,915,192,75,229
POST_0165,2023-08-17,Story,Tutorial,22:12,Thursday,68,15,357468,117533,79380,35267,2486,357,420,828
POST_0166,2024-08-26,Image,Product,21:31,Wednesday,172,13,340337,175440,113004,62365,2435,297,580,1113
POST_0167,2023-08-13,Carousel,Product,11:14,Saturday,304,17,231712,90660,84182,35923,1597,265,284,307
POST_0168,2023-04-12,Carousel,User Generated,20:56,Friday,121,5,91479,7846,6818,2571,255,42,31,129
POST_0169,2024-06-21,Image,Seasonal,21:04,Thursday,332,12,253971,67705,63794,33683,2913,220,526,626
POST_0170,2023-11-09,Video,Seasonal,22:56,Saturday,250,6,337731,106976,72120,46552,2223,228,489,1078
POST_0171,2023-03-11,Reel,Entertainment,06:46,Saturday,258,4,186985,88658,49550,25565,3451,381,418,1232
POST_0172,2024-05-18,Image,Entertainment,18:50,Thursday,376,2,132474,42071,27362,18236,1849,343,303,208
POST_0173,2023-06-03,Reel,User Generated,22:50,Tuesday,184,17,253746,75435,48091,22975,2663,583,465,478
POST_0174,2024-09-25,Video,Educational,18:11,Saturday,150,0,178253,68560,38352,19464,2116,345,442,398
POST_0175,2024-08-30,Reel,Product,09:54,Saturday,397,19,200855,78595,50956,39460,2822,262,275,969
POST_0176,2023-09-27,Reel,Behind the Scenes,18:35,Sunday,231,12,175081,40721,39453,32627,3285,597,401,1498
POST_0177,2024-02-10,Image,Behind the Scenes,07:56,Tuesday,253,10,152429,55567,32810,16182,1163,242,176,206
POST_0178,2024-02-19,Video,Educational,14:51,Wednesday,132,23,358659,155778,120596,77532,7310,1339,583,1486
POST_0179,2024-04-22,Carousel,Behind the Scenes,16:34,Sunday,101,16,230660,71979,71729,33490,4210,478,553,807
POST_0180,2023-02-20,Story,Product,13:22,Thursday,84,22,233788,55700,39622,13154,1486,150,310,466
POST_0181,2023-08-26,Carousel,Tutorial,17:06,Sunday,104,21,326889,188851,107939,80167,7457,1736,804,2397
POST_0182,2023-05-05,Carousel,Seasonal,10:05,Monday,94,0,181288,76245,63229,25456,454,92,65,74
POST_0183,2024-05-24,Image,Entertainment,16:22,Monday,303,6,51415,7428,5332,2961,152,13,35,41
POST_0184,2023-02-20,Image,User Generated,16:47,Saturday,42,17,426458,123349,108294,64134,3292,740,562,1000
POST_0185,2024-01-13,Carousel,User Generated,16:29,Wednesday,259,29,28796,4514,4315,1772,169,17,29,79
POST_0186,2024-06-15,Story,Behind the Scenes,10:28,Thursday,380,,286403,94112,88415,31540,3242,317,596,1479
POST_0187,2024-11-23,Image,Educational,11:14,Wednesday,310,3,133644,28233,17851,9082,307,62,34,94
POST_0188,2023-07-30,Reel,Tutorial,10:33,Wednesday,173,28,107701,51909,30693,26745,930,167,104,415
POST_0189,2023-01-06,Story,Tutorial,13:37,Sunday,42,29,21936,3405,3055,2044,50,8,10,23
POST_0190,2024-06-12,Reel,Product,15:57,Monday,336,5,450145,126804,103038,54491,2754,693,442,1049
POST_0191,2023-01-02,Video,User Generated,12:43,Saturday,21,12,215173,95026,82201,26579,2835,550,324,403
POST_0192,2023-02-18,Reel,Behind the Scenes,12:35,Sunday,278,18,171982,32228,31551,20828,2533,251,240,1493
POST_0193,2024-12-24,Reel,Educational,10:53,Friday,274,5,370873,190758,132219,46984,4621,919,1108,1590
POST_0194,2024-09-21,Carousel,Entertainment,09:25,Wednesday,92,9,20450,12613,8086,5058,377,77,32,125
POST_0195,2024-05-31,Reel,Tutorial,17:55,Tuesday,301,11,282710,152893,100700,75642,4922,881,1048,1538
POST_0196,2024-09-01,Reel,Entertainment,19:21,Friday,86,19,247805,35088,26776,14837,2256,481,286,227
POST_0197,2023-02-25,Story,Entertainment,10:07,Thursday,105,9,277165,134828,93371,44785,1756,303,281,218
POST_0198,2023-03-06,Carousel,Seasonal,20:24,Tuesday,328,12,62845,4138,3849,1264,199,19,24,84
POST_0199,2023-08-08,Reel,Promotional,15:07,Wednesday,392,8,476317,100416,89383,28143,1880,212,199,755
POST_0200,2023-01-18,Image,Tutorial,08:06,Sunday,120,22,119994,74299,42568,23753,936,204,159,245
POST_0201,2024-10-10,Carousel,Seasonal,12:51,Tuesday,370,4,339546,159036,98829,82028,1945,524,418,614
POST_0202,2023-02-11,Video,User Generated,06:46,Tuesday,367,6,373808,153638,88390,39460,3420,344,400,1595
POST_0203,2024-02-02,Image,Seasonal,06:13,Friday,312,7,172647,55586,32069,20666,520,54,85,256
POST_0204,2024-09-15,Reel,Promotional,11:49,Tuesday,73,27,66245,33649,22145,15735,687,153,114,262
POST_0205,2024-06-20,Reel,Entertainment,13:04,Sunday,133,28,149038,77482,44464,14962,3722,331,420,1397
POST_0206,2023-06-21,Reel,Seasonal,19:16,Sunday,277,15,403665,115149,86360,33841,5722,576,1079,2754
POST_0207,2023-12-10,Reel,Tutorial,08:41,Sunday,399,4,453341,164751,164276,81935,5074,1246,579,2075
POST_0208,2024-02-05,Story,Entertainment,20:17,Sunday,329,22,468516,64192,61132,42918,1491,311,242,354
POST_0209,2024-07-14,Reel,Behind the Scenes,09:43,Tuesday,179,14,113929,13583,12490,7037,516,115,51,156
POST_0210,2023-11-08,Image,Seasonal,08:51,Tuesday,109,,303659,89869,83500,61833,1182,238,204,449
POST_0211,2023-07-28,Story,Tutorial,17:03,Wednesday,384,10,76366,38180,29797,24450,1083,161,159,565
POST_0212,2024-08-03,Story,Promotional,19:01,Thursday,124,29,355469,75763,48535,36645,1143,277,188,367
POST_0213,2024-10-09,Reel,User Generated,16:55,Sunday,150,24,208517,46766,28647,25649,975,133,155,404
POST_0214,2023-12-23,Carousel,Promotional,07:30,Saturday,386,6,357079,51949,35288,26558,564,65,118,95
POST_0215,2023-01-21,Story,Product,07:29,Friday,233,21,342878,134523,120417,97695,2683,541,386,295
POST_0216,2024-01-01,Story,Product,12:27,Sunday,120,8,496411,102540,64155,51286,1524,294,329,349
POST_0217,2024-10-11,Reel,Tutorial,13:25,Friday,22,10,244833,71072,55359,40863,3690,843,438,1071
POST_0218,2024-12-23,Reel,Entertainment,22:40,Wednesday,183,7,171427,68730,68023,53131,1711,170,222,503
POST_0219,2023-10-20,Video,Promotional,10:34,Wednesday,394,20,263850,17525,14313,12320,503,113,44,122
POST_0220,2023-04-20,Image,User Generated,09:09,Thursday,,7,82265,25461,20136,11782,714,137,113,273
POST_0221,2024-02-22,Image,Entertainment,22:36,Monday,285,19,56768,15871,13016,8889,95,19,19,36
POST_0222,2024-08-29,Image,Tutorial,08:39,Saturday,116,17,260064,142678,86498,52674,1305,299,283,234
POST_0223,2024-11-20,Story,Seasonal,06:06,Friday,314,22,412877,115746,71984,58351,1764,244,296,476
POST_0224,2023-02-07,Video,Entertainment,13:22,Saturday,314,29,267091,80489,51714,28898,1949,416,389,662
POST_0225,2023-08-01,Reel,User Generated,12:46,Thursday,251,0,391179,47282,42551,33693,1441,276,164,546
POST_0226,2023-12-15,Video,Seasonal,16:36,Saturday,313,29,89778,45711,27767,21647,1301,281,117,485
POST_0227,2023-03-13,Reel,Product,20:08,Sunday,,3,225246,112739,73125,64140,4463,1058,978,1076
POST_0228,2024-10-09,Story,Seasonal,21:02,Thursday,163,15,306941,34708,30028,13493,706,134,76,225
POST_0229,2023-03-23,Story,Educational,10:34,Thursday,300,10,174490,49734,32753,23771,1073,94,97,392
POST_0230,2024-04-30,Reel,Behind the Scenes,22:27,Monday,337,19,8048,4045,2917,2199,92,10,21,24
POST_0231,2024-11-01,Reel,Promotional,16:56,Saturday,339,21,37650,2592,1918,1652,83,20,21,20
POST_0232,2024-05-15,Image,Entertainment,07:30,Sunday,100,25,463906,78134,71703,60527,1305,338,257,408
POST_0233,2024-07-11,Video,Seasonal,21:54,Friday,277,12,302963,104687,74003,47666,4391,957,573,601
POST_0234,2023-07-12,Story,Entertainment,08:12,Sunday,,27,133022,23980,22205,14377,674,58,144,208
POST_0235,2024-08-27,Video,Entertainment,16:26,Sunday,237,9,130150,21382,18899,7566,319,50,40,163
POST_0236,2023-11-02,Carousel,Behind the Scenes,19:08,Saturday,237,6,20740,4840,4376,3872,176,37,27,59
POST_0237,2023-02-14,Image,Product,10:33,Thursday,158,11,472443,94577,53637,24298,1136,212,145,201
POST_0238,2023-09-25,Carousel,Product,10:11,Monday,397,15,55016,15899,12949,9515,380,33,81,80
POST_0239,2023-09-13,Reel,Behind the Scenes,14:29,Monday,355,20,379968,145086,112981,87840,5249,854,1093,509
POST_0240,2024-01-16,Reel,Product,21:20,Tuesday,34,24,120884,38212,30384,17158,1636,164,294,461
POST_0241,2023-07-13,Carousel,Tutorial,09:10,Thursday,99,6,168477,23912,13914,5937,562,91,56,208
POST_0242,2023-12-04,Carousel,Promotional,17:05,Saturday,99,9,137679,69000,47574,19665,2365,284,378,825
POST_0243,2023-11-09,Reel,Seasonal,13:30,Thursday,361,28,412436,79616,45880,37341,1991,190,256,1002
POST_0244,2023-08-27,Image,User Generated,07:55,Monday,217,13,17372,6841,5518,3346,110,9,23,28
POST_0245,2024-05-23,Story,Seasonal,18:11,Tuesday,296,7,176792,34011,31150,11029,1157,256,115,287
POST_0246,2023-08-12,Carousel,Seasonal,20:23,Sunday,327,29,140398,65723,45484,33212,1410,306,136,608
POST_0247,2024-07-13,Story,Promotional,15:13,Sunday,311,,137204,21399,16765,7545,454,95,80,37
POST_0248,2023-07-03,Image,User Generated,08:47,Wednesday,53,29,97277,18416,11219,9265,144,23,22,50
POST_0249,2024-09-23,Image,Behind the Scenes,08:24,Saturday,73,27,456310,174091,102194,49640,2440,399,585,954
POST_0250,2023-09-24,Image,Seasonal,13:57,Saturday,170,27,189931,16102,11685,4909,491,70,47,212
POST_0251,2023-01-30,Story,Educational,14:14,Sunday,148,17,209684,48013,27018,9481,599,98,114,70
POST_0252,2023-04-20,Carousel,User Generated,15:04,Sunday,303,23,193198,84549,58617,35575,1256,155,98,318
POST_0253,2024-08-11,Image,Product,10:34,Friday,79,28,490128,204600,168155,95922,2781,555,235,890
POST_0254,2024-09-28,Reel,Promotional,14:38,Wednesday,161,8,170164,18529,13319,9999,416,78,57,49
POST_0255,2023-06-04,Reel,Entertainment,11:58,Friday,109,1,171501,63358,61522,35606,3916,790,414,629
POST_0256,2024-03-15,Story,Product,17:51,Wednesday,91,,164634,89038,54186,27433,1133,125,184,241
POST_0257,2024-02-24,Carousel,Educational,19:52,Wednesday,85,19,164156,62895,58175,26585,1810,273,140,443
POST_0258,2023-04-08,Reel,Tutorial,17:37,Friday,94,16,45775,16807,13478,6292,862,102,76,380
POST_0259,2023-11-26,Reel,Tutorial,06:21,Thursday,234,2,302533,125634,86510,74113,6691,542,1237,1615
POST_0260,2024-05-21,Story,Promotional,22:25,Friday,175,16,13577,3283,3174,1266,36,6,4,11
POST_0261,2024-12-07,Reel,Behind the Scenes,06:07,Wednesday,185,5,113750,33685,31676,28283,2297,366,403,426
POST_0262,2024-09-10,Carousel,Seasonal,22:25,Wednesday,202,15,101855,58940,37858,18783,1367,290,296,418
POST_0263,2023-03-13,Image,User Generated,06:21,Monday,301,17,146452,13191,12475,4404,191,17,16,66
POST_0264,2023-06-23,Reel,Promotional,14:02,Friday,347,19,378568,83958,60766,27296,2291,494,419,100
POST_0265,2023-11-15,Video,Educational,07:12,Friday,220,12,300148,28746,22618,7578,822,206,106,247
POST_0266,2023-04-20,Reel,Product,07:31,Sunday,264,12,495414,223006,188595,145975,7914,1094,1008,1324
POST_0267,2024-02-21,Reel,Product,17:21,Thursday,300,20,176248,41757,36279,22040,1963,442,189,642
POST_0268,2023-01-07,Reel,Behind the Scenes,18:58,Thursday,282,22,464334,214180,132971,66776,13025,1670,3006,4759
POST_0269,2023-03-24,Reel,Seasonal,08:28,Monday,71,24,23411,14199,8062,5621,328,71,61,120
POST_0270,2023-02-04,Reel,Product,22:56,Tuesday,393,10,252605,111487,100246,68005,4587,947,690,646
POST_0271,2023-08-04,Reel,Behind the Scenes,11:38,Wednesday,82,12,399625,75321,42609,36810,3350,695,777,469
POST_0272,2024-07-10,Reel,Product,11:02,Wednesday,176,9,266380,129663,87859,77030,3082,678,431,981
POST_0273,2023-05-10,Reel,Seasonal,11:12,Wednesday,267,15,466721,254690,168298,119224,8912,1338,1932,1716
POST_0274,2024-12-21,Story,Entertainment,13:41,Wednesday,173,3,157976,16621,10601,8382,410,90,83,102
POST_0275,2023-07-16,Story,Promotional,09:32,Saturday,112,12,17633,8652,5535,4292,24,4,5,7
POST_0276,2023-02-02,Image,Entertainment,13:17,Monday,370,5,387195,111655,67431,40106,1176,109,243,203
POST_0277,2023-09-02,Image,Entertainment,09:30,Wednesday,47,15,34934,13419,9677,6993,293,27,67,65
POST_0278,2024-06-30,Image,Promotional,06:53,Tuesday,113,25,382613,125504,87969,30521,2200,421,209,482
POST_0279,2023-03-19,Carousel,Product,12:22,Wednesday,397,29,366975,65106,51710,39031,1556,274,316,295
POST_0280,2023-02-22,Carousel,Promotional,17:02,Friday,297,13,422291,44560,41100,36048,2081,303,388,207
POST_0281,2024-09-12,Reel,Entertainment,18:18,Monday,53,1,239984,33425,21822,7659,616,148,120,168
POST_0282,2024-03-08,Reel,Entertainment,12:55,Wednesday,306,6,447856,39625,38588,30934,1926,379,254,710
POST_0283,2023-09-08,Reel,User Generated,11:44,Monday,388,3,85746,28594,23428,20143,681,108,177,243
POST_0284,2024-07-05,Reel,Promotional,19:49,Sunday,57,22,217740,40506,37667,16412,993,143,110,323
POST_0285,2024-09-08,Story,User Generated,17:53,Saturday,177,29,61795,8961,7775,4780,454,78,70,106
POST_0286,2023-09-20,Image,Product,20:06,Tuesday,197,16,383670,169369,112092,96030,2557,489,396,439
POST_0287,2024-02-14,Reel,Seasonal,21:16,Tuesday,69,5,357421,155979,103794,90937,6657,1180,733,2520
POST_0288,2023-01-08,Image,Educational,19:03,Monday,96,0,403392,128728,96293,36276,1972,360,436,806
POST_0289,2023-08-12,Image,Product,21:00,Thursday,86,29,382407,154663,144257,73484,8371,1592,764,2255
POST_0290,2024-03-10,Reel,Tutorial,13:49,Saturday,90,9,154921,38574,28644,20591,2398,413,408,209
POST_0291,2023-05-24,Carousel,Educational,12:55,Friday,173,3,34965,15356,11977,5185,243,54,55,58
POST_0292,2024-12-24,Reel,Promotional,11:09,Sunday,196,5,464691,55890,35455,17545,412,40,60,203
POST_0293,2024-12-09,Video,User Generated,09:42,Wednesday,110,7,246916,111617,76282,23950,1345,284,274,368
POST_0294,2023-07-08,Reel,Product,18:31,Tuesday,129,19,48076,26521,19036,7464,958,158,102,343
POST_0295,2023-10-17,Carousel,Seasonal,18:04,Thursday,93,26,463605,223097,160550,102334,9773,955,2238,3666
POST_0296,2023-05-19,Video,Tutorial,19:54,Tuesday,322,8,497140,222902,125718,86978,6116,1197,1475,1372
POST_0297,2024-01-03,Video,Behind the Scenes,08:51,Sunday,100,20,223303,96542,60150,41464,2775,522,280,722
POST_0298,2023-04-01,Carousel,Entertainment,14:33,Tuesday,364,1,385275,93502,66903,51315,2175,370,430,641
POST_0299,2023-10-13,Carousel,Tutorial,09:41,Thursday,224,0,19112,7608,5500,3020,218,46,36,58
POST_0300,2024-02-10,Story,Product,21:23,Thursday,325,1,47542,15517,15196,7052,515,74,95,244
POST_0301,2024-03-22,Carousel,Promotional,10:46,Monday,261,27,139006,97375,55516,17173,1226,125,215,217
POST_0302,2024-03-11,Reel,User Generated,08:26,Thursday,121,17,328458,91684,73036,30965,3625,504,586,1219
POST_0303,2023-06-11,Image,Entertainment,15:58,Thursday,248,24,67577,5816,4828,2353,245,37,45,82
POST_0304,2024-08-01,Image,Seasonal,20:03,Tuesday,124,0,18055,8400,4668,1899,115,24,15,52
POST_0305,2024-05-19,Carousel,Tutorial,21:10,Monday,65,0,334716,48317,30679,9574,818,170,111,169
POST_0306,2024-07-03,Image,Entertainment,07:57,Monday,116,25,385323,54255,52275,20620,796,143,160,73
POST_0307,2023-12-08,Image,Behind the Scenes,11:17,Monday,124,3,369867,64077,61055,42717,1224,148,134,696
POST_0308,2024-10-13,Story,Educational,08:18,Thursday,71,4,399812,124780,122286,82879,2405,364,461,977
POST_0309,2023-10-12,Reel,User Generated,11:46,Monday,28,15,401622,67944,45918,39554,2004,230,239,1031
POST_0310,2024-08-11,Reel,Promotional,15:11,Sunday,,18,301602,34442,32577,25374,1210,224,254,203
POST_0311,2023-05-29,Image,Tutorial,10:30,Tuesday,215,6,260187,29875,17104,10957,555,60,87,105
POST_0312,2023-06-30,Image,Behind the Scenes,07:16,Friday,172,13,428573,266653,152415,58303,6213,1034,911,1935
POST_0313,2024-01-20,Reel,Promotional,14:11,Friday,373,20,174665,73464,51129,32642,922,198,115,299
POST_0314,2024-02-10,Image,Promotional,06:56,Thursday,105,13,49843,4762,3189,1074,97,17,13,19
POST_0315,2024-06-28,Image,Seasonal,09:11,Sunday,173,11,376229,27798,22536,12587,337,40,74,59
POST_0316,2023-08-06,Image,Behind the Scenes,06:05,Monday,341,2,138685,35794,34052,18189,902,128,155,352
POST_0317,2024-09-29,Image,Entertainment,07:39,Tuesday,260,13,489448,115864,72872,40566,2884,579,487,1075
POST_0318,2023-08-29,Story,Tutorial,13:51,Tuesday,171,24,207674,58134,53757,25152,1768,307,365,490
POST_0319,2024-01-25,Reel,User Generated,20:07,Monday,117,18,426044,92001,86108,61265,5829,521,769,1630
POST_0320,2024-11-11,Video,User Generated,19:41,Wednesday,33,26,22186,10339,8278,6660,441,92,62,80
POST_0321,2024-01-29,Video,Product,07:31,Wednesday,52,3,329956,50230,49735,37853,2221,346,286,565
POST_0322,2024-05-12,Image,Behind the Scenes,06:48,Saturday,81,0,224659,87076,64634,43734,2756,397,266,668
POST_0323,2024-10-25,Image,Tutorial,11:07,Wednesday,318,16,231838,25023,15978,9954,527,62,108,194
POST_0324,2024-12-12,Image,Seasonal,17:57,Sunday,262,5,133341,84147,51276,16339,1098,160,250,320
POST_0325,2023-12-31,Carousel,Promotional,18:36,Saturday,184,17,485625,283307,190979,140132,3378,505,853,1337
POST_0326,2023-11-01,Story,Educational,19:49,Sunday,317,27,196974,101993,60801,38121,2416,273,490,373
POST_0327,2023-05-24,Carousel,Entertainment,11:21,Monday,81,10,425389,119974,90533,41866,1523,255,227,386
POST_0328,2024-01-28,Image,Product,08:55,Sunday,100,16,213126,45444,27066,13443,786,127,103,306
POST_0329,2024-11-01,Story,Entertainment,06:36,Friday,169,20,25089,11788,8389,7225,250,62,50,85
POST_0330,2023-12-22,Reel,Behind the Scenes,08:07,Sunday,368,4,439826,159493,135344,91305,11349,2484,2507,895
POST_0331,2023-09-12,Story,User Generated,07:54,Wednesday,253,26,93369,20925,11921,6980,143,15,26,32
POST_0332,2023-03-20,Reel,Entertainment,20:46,Sunday,343,6,135900,34472,28257,19004,3119,288,477,916
POST_0333,2023-10-12,Story,User Generated,10:17,Friday,114,24,430692,93210,91297,50053,1075,238,220,320
POST_0334,2023-06-22,Carousel,Promotional,19:32,Monday,342,19,446977,181072,151634,88267,4388,954,812,234
POST_0335,2024-12-14,Reel,Tutorial,15:22,Wednesday,47,4,458460,171566,132653,62902,8527,1753,1825,757
POST_0336,2024-01-21,Story,Seasonal,15:32,Monday,106,21,213559,75264,58751,33130,476,38,92,128
POST_0337,2023-04-11,Reel,Entertainment,13:56,Sunday,218,5,378729,149177,105074,74744,4393,509,633,1249
POST_0338,2023-02-19,Story,Behind the Scenes,19:53,Wednesday,39,17,164576,40628,23808,7712,365,28,41,99
POST_0339,2024-09-13,Reel,Promotional,06:12,Tuesday,346,28,370455,82321,66718,51840,1807,346,262,208
POST_0340,2024-11-10,Video,User Generated,07:57,Thursday,349,28,251753,23531,16611,7803,811,137,105,217
POST_0341,2024-07-10,Reel,Tutorial,13:25,Wednesday,225,26,26927,11146,8762,6216,296,49,69,70
POST_0342,2023-04-01,Video,Educational,12:41,Monday,136,14,209453,69967,42215,28944,1099,191,183,345
POST_0343,2023-03-13,Carousel,Product,15:45,Saturday,57,16,234395,53682,47672,32968,1947,217,281,450
POST_0344,2023-05-25,Story,Tutorial,18:28,Saturday,255,9,129428,19041,17585,11691,583,99,76,145
POST_0345,2024-07-02,Carousel,Educational,15:26,Saturday,224,27,187860,32483,23163,20278,1000,94,203,485
POST_0346,2024-07-12,Carousel,Seasonal,10:26,Friday,308,14,251836,99020,64403,38964,2372,475,423,883
POST_0347,2024-09-03,Video,Promotional,11:50,Wednesday,248,23,25801,5547,3390,2506,113,20,10,22
POST_0348,2023-03-12,Reel,Entertainment,18:22,Thursday,68,10,76749,8185,5562,4022,634,108,127,60
POST_0349,2023-04-22,Story,Entertainment,09:16,Thursday,66,22,383624,197904,122233,53997,3583,430,444,716
POST_0350,2024-10-19,Reel,Tutorial,14:21,Tuesday,316,6,176613,42186,32101,15086,1766,381,268,461
POST_0351,2024-11-08,Story,Product,15:11,Monday,80,22,304584,57229,55763,30915,762,138,80,162
POST_0352,2024-06-13,Reel,User Generated,18:23,Tuesday,376,1,283329,62226,56938,26568,1635,152,255,384
POST_0353,2023-03-19,Story,User Generated,18:06,Thursday,60,3,276057,95419,92552,48131,3218,374,647,1149
POST_0354,2023-02-20,Story,Seasonal,13:05,Tuesday,296,10,207290,42493,33641,17983,205,40,49,65
POST_0355,2023-02-10,Image,Educational,11:42,Monday,390,14,242174,106628,76360,50574,2962,334,233,706
POST_0356,2024-05-20,Image,User Generated,12:04,Saturday,187,21,412132,200638,156132,67438,6599,737,1753,2812
POST_0357,2024-09-09,Carousel,Behind the Scenes,12:33,Wednesday,41,10,482559,196623,135745,106230,10470,1072,1970,2859
POST_0358,2024-04-06,Carousel,Educational,09:46,Friday,353,0,129104,35942,25961,14603,616,63,74,199
POST_0359,2023-07-11,Image,Product,16:42,Thursday,91,9,335067,161097,104449,75594,3348,501,361,924
POST_0360,2024-07-06,Story,Behind the Scenes,09:26,Saturday,,13,484916,156362,101960,35570,3504,659,474,1319
POST_0361,2023-02-13,Video,Product,17:11,Saturday,394,16,4784,1170,933,542,40,4,8,9
POST_0362,2024-08-27,Reel,Product,18:54,Wednesday,303,19,392576,117229,91803,29095,5007,1042,680,1869
POST_0363,2024-10-13,Reel,Behind the Scenes,22:49,Saturday,37,7,248913,58908,40125,28310,2778,321,396,625
POST_0364,2024-06-08,Reel,Educational,08:36,Wednesday,331,18,483828,61811,41845,21183,2361,328,488,874
POST_0365,2024-10-03,Story,Tutorial,18:05,Saturday,81,18,289555,70749,56520,49147,3269,361,685,681
POST_0366,2024-03-03,Image,Product,07:02,Wednesday,304,23,419230,49476,39135,19351,976,188,169,130
POST_0367,2023-12-08,Carousel,Behind the Scenes,11:18,Monday,255,15,83841,25250,16236,10363,484,122,105,127
POST_0368,2023-08-24,Story,User Generated,08:09,Saturday,129,24,71909,26733,17612,8003,519,88,59,221
POST_0369,2024-11-03,Image,Seasonal,08:50,Monday,180,6,463363,192918,174108,117012,2996,243,619,636
POST_0370,2024-05-24,Carousel,Entertainment,08:12,Saturday,64,21,263703,22359,16528,9589,614,83,84,311
POST_0371,2023-05-20,Carousel,Seasonal,06:16,Monday,394,1,279612,128217,74799,39073,1031,117,112,523
POST_0372,2024-11-29,Reel,Behind the Scenes,19:57,Tuesday,110,3,85819,18562,18039,7616,812,176,193,133
POST_0373,2023-02-13,Image,User Generated,07:48,Friday,137,25,114138,10973,6516,2390,153,12,15,42
POST_0374,2024-03-04,Image,User Generated,12:12,Sunday,211,14,409295,63551,56213,20907,1663,384,166,410
POST_0375,2023-05-20,Reel,Seasonal,17:22,Wednesday,275,,152361,19591,13936,12534,800,143,148,226
POST_0376,2024-04-29,Reel,Seasonal,22:30,Monday,212,18,292496,49316,36818,20153,448,65,52,78
POST_0377,2023-10-29,Video,Seasonal,20:39,Tuesday,211,20,158950,23410,23222,6993,1165,253,119,344
POST_0378,2023-11-16,Image,Promotional,08:55,Sunday,241,7,132461,43702,25228,21992,402,34,72,146
POST_0379,2024-05-05,Image,Tutorial,22:51,Saturday,345,5,83844,26892,19717,6151,953,198,196,211
POST_0380,2024-07-05,Story,Tutorial,17:57,Monday,170,1,464869,41270,23404,12899,407,42,88,146
POST_0381,2023-10-05,Story,Seasonal,09:02,Wednesday,,25,470091,61638,50137,36624,790,176,86,268
POST_0382,2024-12-29,Video,Behind the Scenes,13:13,Tuesday,319,6,58477,8190,4838,4106,186,29,30,41
POST_0383,2023-12-30,Carousel,Behind the Scenes,21:33,Tuesday,385,17,177272,74674,42968,31269,1504,151,355,696
POST_0384,2023-04-28,Image,Seasonal,12:02,Saturday,366,13,282367,67416,46640,26966,1695,346,171,387
POST_0385,2023-01-05,Image,User Generated,09:20,Friday,323,4,192259,54055,46514,41149,1442,131,176,738
POST_0386,2023-05-28,Video,Educational,20:09,Tuesday,113,12,360799,71296,46051,14901,3383,355,279,1552
POST_0387,2024-05-19,Story,Tutorial,22:55,Friday,314,2,130854,11012,7652,6826,117,26,21,42
POST_0388,2024-01-29,Video,Behind the Scenes,22:03,Wednesday,299,5,30365,20228,11522,9328,336,51,36,108
POST_0389,2023-09-04,Reel,Seasonal,22:08,Monday,130,,169130,20091,14867,12746,551,115,102,69
POST_0390,2023-12-18,Carousel,Seasonal,20:11,Thursday,277,24,299330,34325,28256,12796,1248,234,302,285
POST_0391,2024-09-03,Story,Behind the Scenes,13:08,Tuesday,116,17,91138,10252,9231,3558,148,28,18,64
POST_0392,2024-02-22,Reel,Tutorial,09:33,Tuesday,218,27,408134,250327,160579,112082,7841,1063,1542,2981
POST_0393,2023-02-12,Story,Seasonal,16:21,Sunday,322,13,7112,3368,1893,1153,54,5,5,17
POST_0394,2023-02-05,Story,Entertainment,09:53,Friday,91,6,34696,9352,9145,5614,257,63,22,94
POST_0395,2023-12-18,Reel,Educational,14:15,Monday,148,18,254909,160471,100776,86140,2598,235,490,577
POST_0396,2023-10-23,Image,Tutorial,17:31,Saturday,322,27,256609,36177,20773,13960,834,143,129,285
POST_0397,2024-09-12,Carousel,Tutorial,22:38,Friday,192,15,148147,61402,57936,28193,1452,194,363,503
POST_0398,2024-03-01,Reel,Entertainment,10:36,Sunday,385,0,130020,17176,15785,8524,1034,119,162,255
POST_0399,2024-07-06,Image,Product,10:46,Saturday,23,9,35836,14923,9606,3651,206,36,21,70
POST_0400,2024-03-03,Image,Behind the Scenes,18:11,Wednesday,294,27,331799,99261,65374,27155,3552,831,608,1413
POST_0401,2023-09-10,Image,Promotional,06:29,Thursday,329,15,190134,36987,35057,13532,1072,197,108,169
POST_0402,2024-04-24,Video,Educational,15:47,Thursday,368,28,60220,37749,22638,17797,1081,258,260,292
POST_0403,2024-03-29,Carousel,Behind the Scenes,18:50,Saturday,79,15,200519,29081,20498,14818,701,92,138,232
POST_0404,2024-06-09,Reel,Behind the Scenes,15:36,Tuesday,393,0,468588,322637,186954,115576,6029,958,834,2100
POST_0405,2023-05-19,Video,Educational,12:38,Wednesday,169,26,131357,40854,23998,12589,1095,89,180,393
POST_0406,2024-04-13,Carousel,Educational,20:50,Tuesday,153,22,447469,204567,123980,86921,7016,1310,1228,953
POST_0407,2023-07-28,Reel,Behind the Scenes,12:36,Wednesday,155,21,130112,71459,50583,39846,4017,585,935,1755
POST_0408,2024-07-30,Carousel,Promotional,18:55,Tuesday,262,29,93801,7906,6581,5453,220,33,18,48
POST_0409,2024-08-05,Reel,Product,13:07,Monday,270,5,131060,68672,48885,30710,2509,259,202,909
POST_0410,2024-04-01,Video,Behind the Scenes,06:20,Sunday,200,27,162309,43626,40371,31971,1191,226,105,198
POST_0411,2024-11-22,Story,Product,15:06,Monday,46,6,61183,27705,18143,11008,380,74,50,62
POST_0412,2024-01-28,Story,Tutorial,06:05,Sunday,394,29,294229,33297,30074,17584,422,84,59,48
POST_0413,2023-01-19,Reel,Behind the Scenes,21:27,Monday,104,5,167390,55819,39618,32457,3024,257,300,1144
POST_0414,2024-03-18,Carousel,Promotional,16:13,Saturday,55,16,359313,107132,102666,54600,1690,417,255,438
POST_0415,2024-07-21,Reel,Tutorial,12:24,Wednesday,247,23,246003,63942,51583,27728,2282,276,348,796
POST_0416,2023-03-15,Reel,Promotional,14:25,Thursday,176,2,221885,27424,23130,11170,907,113,85,294
POST_0417,2023-03-18,Reel,Entertainment,16:36,Tuesday,253,2,236026,47823,31967,19538,1344,164,310,372
POST_0418,2023-07-19,Carousel,User Generated,10:55,Thursday,352,,78989,44923,27570,17283,499,58,83,117
POST_0419,2024-09-08,Reel,Promotional,10:50,Thursday,56,1,356727,23154,22140,15415,317,59,50,137
POST_0420,2024-01-21,Video,User Generated,13:22,Thursday,127,18,52971,26530,15790,8815,686,75,102,155
POST_0421,2024-12-13,Story,Seasonal,10:19,Wednesday,216,28,361042,243732,144339,62167,2806,431,393,1203
POST_0422,2024-09-29,Reel,Seasonal,18:45,Thursday,319,18,499882,33505,26303,21571,1144,191,224,96
POST_0423,2024-02-10,Reel,Tutorial,07:07,Saturday,248,14,382235,62089,40656,20637,2304,537,432,747
POST_0424,2024-05-10,Reel,Entertainment,20:31,Thursday,165,12,228220,86278,65259,55715,3037,636,530,1131
POST_0425,2023-08-30,Story,Behind the Scenes,11:24,Wednesday,251,19,157923,12595,11212,4758,326,53,68,39
POST_0426,2023-03-07,Carousel,Promotional,15:10,Monday,392,17,436393,159228,111902,71173,1691,162,336,325
POST_0427,2023-10-19,Reel,Entertainment,08:36,Wednesday,202,15,129338,40015,37430,23280,1420,282,282,165
POST_0428,2024-03-08,Carousel,Seasonal,12:18,Monday,355,4,241705,105299,61840,49298,1175,91,122,306
POST_0429,2023-05-14,Reel,Behind the Scenes,18:10,Tuesday,316,19,385665,119283,68576,26285,3411,441,377,1548
POST_0430,2023-06-11,Carousel,Promotional,10:38,Sunday,134,22,461256,224779,135631,114738,1599,132,282,360
POST_0431,2023-01-11,Video,User Generated,08:10,Monday,114,21,460557,172298,118825,73535,2370,459,380,723
POST_0432,2024-06-19,Carousel,Educational,14:39,Thursday,312,2,44791,7944,5494,3580,280,38,52,75
POST_0433,2024-10-18,Story,Educational,08:09,Saturday,98,21,449233,198440,111004,67279,4307,804,880,992
POST_0434,2024-08-27,Carousel,Tutorial,11:25,Sunday,148,21,57895,24883,20765,6678,526,80,76,274
POST_0435,2023-10-05,Reel,Behind the Scenes,13:47,Tuesday,109,5,292653,87974,82935,49616,4897,735,604,1462
POST_0436,2024-03-09,Reel,Product,15:13,Tuesday,250,25,464886,144968,100009,45817,2959,428,442,641
POST_0437,2024-12-02,Reel,User Generated,16:45,Wednesday,131,15,327748,67289,53276,26937,2349,222,315,1192
POST_0438,2024-03-07,Image,Entertainment,17:42,Thursday,270,14,473799,47713,37932,26152,1456,196,246,213
POST_0439,2023-08-04,Story,Behind the Scenes,20:53,Sunday,375,21,172822,23570,23438,14030,701,127,139,148
POST_0440,2023-09-05,Story,Seasonal,07:09,Tuesday,335,15,158044,12583,8520,3032,88,16,14,36
POST_0441,2024-06-14,Carousel,Promotional,12:42,Tuesday,380,16,163781,78420,64745,22260,534,47,101,144
POST_0442,2023-11-22,Reel,Tutorial,06:55,Tuesday,29,9,178227,26213,22789,9375,644,130,112,228
POST_0443,2024-09-03,Story,Seasonal,06:45,Sunday,193,27,341720,118251,114546,47482,3267,472,708,1392
POST_0444,2024-09-22,Reel,User Generated,09:11,Monday,103,29,226772,31929,24723,16440,1182,93,131,406
POST_0445,2023-01-27,Reel,Educational,16:48,Wednesday,368,3,368977,93798,55073,22397,1309,151,286,565
POST_0446,2024-06-12,Story,Product,21:06,Monday,290,21,208664,52017,40980,33973,715,126,153,270
POST_0447,2023-09-28,Video,Seasonal,19:34,Tuesday,141,0,154554,39007,25276,10763,866,106,100,239
POST_0448,2024-01-15,Story,Seasonal,16:29,Sunday,234,11,95832,50675,31569,11196,468,100,88,183
POST_0449,2023-07-13,Reel,Entertainment,19:31,Monday,250,,275977,134206,106304,87748,6854,756,1383,1216
POST_0450,2023-09-26,Story,Product,08:30,Wednesday,208,5,449289,265344,160105,76401,2133,405,238,411
POST_0451,2023-08-30,Reel,Behind the Scenes,20:01,Sunday,200,11,429624,69245,44574,24749,4593,632,993,1823
POST_0452,2023-02-06,Carousel,Product,21:29,Friday,40,6,127400,59346,41002,35893,2684,479,621,492
POST_0453,2024-07-25,Story,Product,07:55,Monday,191,21,239339,24379,24360,21110,337,77,81,102
POST_0454,2023-04-15,Reel,Educational,13:25,Thursday,152,13,352930,134134,130472,95107,9289,1275,1298,2543
POST_0455,2023-10-02,Reel,Tutorial,20:16,Sunday,330,17,306599,127107,70903,24203,4897,478,969,2410
POST_0456,2023-05-21,Reel,Product,14:58,Wednesday,348,28,34510,9410,5788,3796,183,27,39,16
POST_0457,2023-04-28,Video,Seasonal,20:05,Thursday,305,15,295938,54358,31061,27751,1133,291,208,319
POST_0458,2023-09-30,Image,User Generated,21:28,Thursday,31,22,20336,1894,1100,954,46,10,4,12
POST_0459,2024-11-01,Carousel,Behind the Scenes,14:30,Friday,,2,59133,8220,8088,2940,151,19,14,83
POST_0460,2024-11-20,Story,Tutorial,07:28,Tuesday,170,6,327211,197711,121037,65067,3722,803,826,1051
POST_0461,2023-10-06,Story,Promotional,11:54,Saturday,178,28,52171,23361,17166,8399,198,27,29,67
POST_0462,2024-01-04,Reel,Behind the Scenes,09:24,Sunday,379,25,170168,108125,66268,25038,3167,328,371,1114
POST_0463,2024-12-20,Video,Product,14:57,Monday,349,19,294624,25255,25121,18008,531,88,64,77
POST_0464,2023-06-21,Image,Product,15:03,Saturday,39,11,328074,103860,84401,39188,2983,539,677,1188
POST_0465,2024-11-20,Story,Promotional,13:43,Saturday,156,5,223419,50079,31279,15855,287,54,50,132
POST_0466,2023-03-19,Story,Product,09:34,Saturday,304,25,47916,18797,11501,4073,180,39,40,40
POST_0467,2023-06-14,Story,Entertainment,11:14,Wednesday,224,23,399753,96960,64823,38814,1145,158,233,357
POST_0468,2023-09-04,Video,User Generated,17:13,Thursday,117,7,474975,87952,70872,27987,5123,876,1106,401
POST_0469,2023-01-28,Reel,Promotional,06:42,Saturday,219,17,444471,139175,111493,62352,5726,722,1157,732
POST_0470,2024-08-18,Image,Product,09:37,Tuesday,349,18,374508,75820,42754,16503,741,58,82,206
POST_0471,2024-09-16,Image,Seasonal,21:36,Saturday,104,,201707,58384,43204,37687,2234,343,453,880
POST_0472,2023-10-07,Image,Entertainment,07:02,Sunday,,27,438257,165286,121740,47112,2952,699,251,923
POST_0473,2024-09-02,Reel,User Generated,13:35,Friday,299,,244599,33455,23203,14226,1572,233,354,217
POST_0474,2024-07-17,Reel,Educational,09:57,Wednesday,356,7,69098,34464,25960,10856,571,58,72,256
POST_0475,2024-08-08,Reel,Seasonal,07:01,Thursday,133,2,425423,139270,96572,33396,3449,630,618,614
POST_0476,2024-08-08,Image,Behind the Scenes,13:27,Monday,102,20,160760,72877,54149,22817,2057,514,474,469
POST_0477,2024-02-23,Image,User Generated,14:29,Sunday,228,19,469412,217478,130903,43572,3114,732,343,1014
POST_0478,2023-03-22,Story,User Generated,08:52,Wednesday,221,29,184803,95279,55163,21162,684,108,135,81
POST_0479,2024-11-05,Story,Educational,07:16,Monday,175,16,434828,228212,130729,77926,2597,387,226,1211
POST_0480,2024-03-20,Image,User Generated,08:28,Saturday,316,4,269049,139131,95858,66246,4611,717,625,685
POST_0481,2024-10-19,Image,Educational,17:42,Friday,323,13,234229,83949,62014,21853,2606,575,425,767
POST_0482,2024-12-01,Reel,Product,20:03,Friday,113,2,149137,34379,21979,12409,1220,300,192,493
POST_0483,2023-05-17,Story,Behind the Scenes,09:47,Monday,322,,418015,59239,35459,23003,976,218,180,286
POST_0484,2023-10-21,Image,Product,11:48,Saturday,107,20,31254,11884,8194,3609,128,21,31,43
POST_0485,2023-05-21,Reel,User Generated,11:42,Friday,174,25,234967,26839,17205,9002,877,86,115,324
POST_0486,2023-02-07,Image,Promotional,12:38,Saturday,30,10,185070,39807,24883,8537,522,98,99,203
POST_0487,2024-12-06,Image,Educational,10:44,Saturday,149,9,272152,29882,19390,8378,805,82,172,192
POST_0488,2024-11-05,Reel,Product,06:46,Tuesday,384,2,128020,49496,30995,17978,629,51,117,127
POST_0489,2024-11-11,Story,Product,14:53,Tuesday,188,12,332631,41189,35298,31565,504,83,45,202
POST_0490,2024-10-07,Story,Tutorial,12:25,Sunday,289,14,193574,71381,51034,45816,1614,324,404,465
POST_0491,2024-04-18,Story,Behind the Scenes,11:26,Thursday,61,22,94877,45597,31006,27526,907,201,81,298
POST_0492,2024-01-17,Story,User Generated,10:37,Thursday,,22,99282,33589,33523,18566,1263,242,205,182
POST_0493,2024-12-24,Story,Product,21:11,Wednesday,161,4,348556,92982,55190,19228,2383,506,401,441
POST_0494,2024-02-08,Image,Behind the Scenes,16:50,Friday,302,8,131686,47445,31885,15755,678,151,154,218
POST_0495,2024-04-13,Carousel,User Generated,13:45,Saturday,372,15,154319,42063,38125,16875,1467,279,150,431
POST_0496,2023-06-04,Image,User Generated,09:37,Monday,,10,313849,111809,67637,20864,903,74,98,381
POST_0497,2024-06-29,Image,Tutorial,19:17,Thursday,59,0,165562,72763,46239,16513,2047,384,427,559
POST_0498,2024-08-21,Story,Promotional,21:20,Sunday,200,25,194688,38638,24049,13753,483,52,55,264
POST_0499,2024-05-10,Image,User Generated,06:25,Tuesday,66,21,122994,63453,48304,24335,1563,125,217,338
POST_0500,2023-12-30,Image,Promotional,21:39,Tuesday,190,15,173346,24605,14617,5966,440,50,94,181
